participant,median_RT,mean_RT,num_correct_trials,perc_accuracy,verbal_span_wais,verbal_span_egner,verbal_span_mean,mean_blocks,max_vpt_span,n,mean_mult_RT,medium_mult_RT,perc_accuracy_mult
1000,1.41564,1.4653824,25,89.28571428571429,7,7,7,8.666666666666666,9,53,2.8392211320754717,2.215385,88.33333333333333
500,1.2597999999999998,1.4886642857142858,28,100,5,5,5,7.333333333333333,7,46,4.209804347826087,3.40295,76.66666666666667
651,1.19185,1.2882142857142858,27,96.42857142857144,6,6,6,10.333333333333334,9,58,1.711256896551724,1.62465,96.66666666666669
652,1.34975,1.4084214285714285,28,100,5,6,5.5,10.333333333333334,9,56,1.927405357142857,1.8246,93.33333333333331
653,1.3331,1.4210357142857144,28,100,3,4,3.5,9,9,57,1.8857035087719296,1.7664,95
656,1.25745,1.2936857142857143,28,100,9,9,9,10,9,57,2.4547368421052633,1.8599,95
657,1.2577,1.325632142857143,27,96.42857142857144,4,5,4.5,9.333333333333334,9,54,1.962061111111111,1.9148,90
658,1.23285,1.2715392857142858,26,92.85714285714286,5,6,5.5,9.333333333333334,9,56,1.9878321428571428,1.7991,93.33333333333331
659,1.4604,1.4675285714285715,27,96.42857142857144,9,9,9,4.333333333333333,4,52,3.485934615384615,2.4030500000000004,86.66666666666667
660,1.2572,1.3287857142857142,27,96.42857142857144,6,5,5.5,9.333333333333334,9,56,2.0752446428571427,1.88275,93.33333333333331
667,1.45885,1.5308964285714286,28,100,6,6,6,9.333333333333334,9,53,3.097241509433962,2.231,88.33333333333333
668,1.52325,1.6450035714285711,28,100,8,7,7.5,6,6,50,2.707494,2.0062,83.33333333333334
672,1.1338,1.1482178571428572,27,96.42857142857144,6,8,7,10.333333333333334,9,46,2.0107,1.85535,76.66666666666667
674,1.26655,1.3038928571428572,28,100,9,9,9,9.666666666666666,9,56,1.7485392857142856,1.608,93.33333333333331
675,1.423,1.4462285714285714,27,96.42857142857144,6,8,7,9.666666666666666,9,57,2.1388684210526314,1.912,95
676,1.3810500000000001,1.3736357142857143,28,100,5,4,4.5,8.333333333333334,8,57,2.384354385964912,1.966,95
677,1.10735,1.117157142857143,28,100,9,8,8.5,10.666666666666666,9,58,1.1711,1.09095,96.66666666666669
680,1.133,1.1946428571428571,28,100,7,7,7,7,7,57,2.137561403508772,2.017,95
681,1.19855,1.248017857142857,28,100,7,7,7,7.333333333333333,7,56,1.8675285714285712,1.5812,93.33333333333331
682,1.3491,1.4598285714285717,27,96.42857142857144,9,9,9,7.666666666666667,8,55,2.6799254545454545,2.2488,91.66666666666666
683,1.0660500000000002,1.1231607142857143,28,100,8,9,8.5,9.333333333333334,9,59,1.5130050847457628,1.4492,98.33333333333331
684,1.2158,1.2745785714285711,28,100,7,7,7,10.666666666666666,9,56,2.6808089285714285,2.04105,93.33333333333331
686,0.94195,1.0080107142857142,28,100,7,8,7.5,11.666666666666666,9,59,1.4273372881355932,1.3158,98.33333333333331
687,1.06545,1.102575,28,100,8,9,8.5,10.333333333333334,9,59,1.6401728813559322,1.5011,98.33333333333331
689,1.2821,1.3130107142857144,27,96.42857142857144,9,9,9,8,8,60,1.6344716666666668,1.4765,100
690,1.1990500000000002,1.3360357142857142,28,100,9,9,9,9.666666666666666,9,59,1.5086745762711864,1.3498000000000001,98.33333333333331
692,1.4186,1.4770892857142857,27,96.42857142857144,7,9,8,9.333333333333334,9,59,2.2783389830508476,1.9363,98.33333333333331
694,1.41555,1.398367857142857,28,100,6,7,6.5,8.333333333333334,8,59,2.054506779661017,1.8487,98.33333333333331
695,1.2813,1.2886035714285715,28,100,6,7,6.5,9.333333333333334,9,58,2.221755172413793,1.9609,96.66666666666669
696,1.25785,1.387517857142857,27,96.42857142857144,7,6,6.5,12.333333333333334,9,60,2.033565,1.8228,100
697,1.1,1.2296,28,100,6,7,6.5,10.333333333333334,9,52,1.8863980769230768,1.7747000000000002,86.66666666666667
698,1.3224,1.3599928571428572,28,100,6,6,6,9.333333333333334,9,55,1.8859672727272727,1.6306,91.66666666666666
700,1.6572,1.6880642857142858,28,100,6,6,6,7.333333333333333,7,46,3.820821739130434,3.3109,76.66666666666667
702,1.31575,1.361967857142857,28,100,9,9,9,10.333333333333334,9,55,2.221341818181818,1.9821,91.66666666666666
704,1.19185,1.2240142857142855,28,100,9,7,8,9.666666666666666,9,58,2.0398672413793104,1.78335,96.66666666666669
705,1.14115,1.1833642857142856,28,100,9,8,8.5,9.333333333333334,9,60,1.64754,1.4329,100
706,1.5163,1.5117444444444443,26,92.85714285714286,9,8,8.5,9.333333333333334,9,57,2.0225982456140352,1.85,95
708,1.3993,1.5971206896551724,28,100,6,5,5.5,8.666666666666666,9,60,1.8755066666666669,1.75855,100
712,1.07465,1.0683214285714286,28,100,7,9,8,9,9,58,1.4510896551724135,1.3086,96.66666666666669
713,1.1828500000000002,1.2381714285714285,28,100,3,7,5,7.666666666666667,8,52,2.380580769230769,1.67505,86.66666666666667
714,0.9545,1.0804285714285715,27,96.42857142857144,6,9,7.5,10.333333333333334,9,59,1.3366610169491526,1.249,98.33333333333331
715,0.95875,0.992175,27,96.42857142857144,9,9,9,12.666666666666666,9,60,1.3430283333333333,1.2342,100
717,1.2998500000000002,1.3416107142857143,28,100,4,4,4,7.333333333333333,7,55,5.015109090909091,4.6996,91.66666666666666
719,1.28965,1.2875035714285714,28,100,7,5,6,8.333333333333334,8,59,1.691950847457627,1.5325,98.33333333333331
721,1.244,1.3827142857142858,28,100,6,7,6.5,9.333333333333334,9,59,2.2041186440677967,1.951,98.33333333333331
723,1.58135,1.5731107142857144,28,100,6,6,6,4.333333333333333,4,58,2.913243103448276,2.0725,96.66666666666669
724,1.3413,1.3901607142857142,28,100,5,6,5.5,10.333333333333334,9,60,1.6638866666666667,1.45,100
725,1.5999,1.6562607142857142,28,100,9,7,8,7.333333333333333,7,58,3.851477586206896,4.1148,96.66666666666669
726,1.4239,1.563825,28,100,6,5,5.5,10.333333333333334,9,59,2.168718644067797,1.8839,98.33333333333331
727,1.639,1.7721071428571429,28,100,6,6,6,6.666666666666667,7,55,5.009036363636364,5.308,91.66666666666666
730,1.2566,1.2917892857142856,28,100,9,7,8,8,8,58,2.540768965517241,2.0433,96.66666666666669
732,1.37375,1.3817357142857143,28,100,4,5,4.5,7.333333333333333,7,53,1.6266792452830188,1.4654,88.33333333333333
733,1.2246,1.2844392857142857,28,100,7,7,7,9.666666666666666,9,56,2.492632142857143,1.7993,93.33333333333331
734,1.10425,1.2026035714285714,28,100,4,4,4,9.333333333333334,9,60,1.67845,1.47065,100
736,1.19955,1.2144714285714286,28,100,8,9,8.5,10,9,59,1.527513559322034,1.3525,98.33333333333331
738,1.0492,1.0745464285714286,28,100,9,9,9,10,9,60,1.542555,1.39045,100
739,1.2674,1.2983321428571428,28,100,7,7,7,9.666666666666666,9,60,2.1087933333333333,1.78265,100
740,1.1296,1.1474714285714285,28,100,7,8,7.5,9.666666666666666,9,58,1.8592275862068963,1.5377,96.66666666666669
741,1.4581,1.4946214285714283,28,100,9,9,9,9.333333333333334,9,58,2.478363793103448,2.03205,96.66666666666669
742,1.14345,1.2075142857142858,28,100,9,9,9,9.333333333333334,9,56,1.7831607142857142,1.58385,93.33333333333331
743,1.0999,1.1375821428571429,28,100,8,9,8.5,7.333333333333333,7,60,1.339751666666667,1.24235,100
745,1.6405,1.7493214285714287,28,100,6,8,7,7.333333333333333,7,55,3.1310872727272727,2.2187,91.66666666666666
746,1.3744,1.4547892857142857,28,100,5,6,5.5,9.333333333333334,9,52,2.606198076923077,2.066,86.66666666666667
747,1.12365,1.1695214285714286,28,100,9,5,7,9.333333333333334,9,59,1.740350847457627,1.4359,98.33333333333331
748,1.4983499999999998,1.6364714285714286,28,100,9,9,9,11.333333333333334,9,58,3.0876879310344827,2.5554,96.66666666666669
750,1.13185,1.178907142857143,28,100,6,6,6,5.666666666666667,6,57,2.6194140350877193,1.96,95
751,1.06665,1.0968,27,96.42857142857144,8,9,8.5,8,8,60,1.3218283333333334,1.2683,100
752,1.3245,1.287607142857143,28,100,7,7,7,9.333333333333334,9,60,1.5012,1.4335,100
753,1.325,1.4058192307692308,26,92.85714285714286,9,9,9,10.333333333333334,9,57,2.6268140350877194,2.0489,95
754,0.9697,1.1026037037037038,24,85.71428571428571,8,8,8,9.333333333333334,9,54,1.4252944444444444,1.3024,90
755,1.4845000000000002,1.5298571428571428,28,100,7,7,7,5.333333333333333,5,59,1.6521525423728811,1.467,98.33333333333331
756,1.6425,1.6550928571428571,28,100,9,9,9,9.333333333333334,9,59,1.8198169491525424,1.7086,98.33333333333331
758,1.491,1.579292857142857,28,100,6,7,6.5,6,6,58,2.015312068965517,1.8662,96.66666666666669
759,1.1566,1.1632642857142856,28,100,6,9,7.5,6.333333333333333,6,57,1.3943491228070175,1.3484,95
760,1.0494,1.066125,27,96.42857142857144,3,7,5,11.333333333333334,9,56,1.9235107142857144,1.6243,93.33333333333331
761,1.30885,1.4044,27,96.42857142857144,6,7,6.5,5.333333333333333,5,52,3.4106326923076926,2.4080000000000004,86.66666666666667
762,1.13155,1.1776357142857143,27,96.42857142857144,9,9,9,11.333333333333334,9,59,1.710642372881356,1.5728,98.33333333333331
763,1.291,1.4159642857142858,27,96.42857142857144,8,9,8.5,12.333333333333334,9,59,1.766050847457627,1.517,98.33333333333331
764,1.557,1.6489464285714286,28,100,9,8,8.5,8.333333333333334,8,60,2.788895,2.5406,100
765,0.9331,0.9838,28,100,8,7,7.5,12.333333333333334,9,53,2.1947094339622644,1.6958,88.33333333333333
767,1.31625,1.3412071428571428,27,96.42857142857144,6,6,6,9.666666666666666,9,48,2.19006875,1.70785,80
769,1.0261,1.0960285714285714,28,100,8,7,7.5,10.333333333333334,9,55,1.6636436363636364,1.5662,91.66666666666666
770,1.4976,1.624775,28,100,7,8,7.5,10.333333333333334,9,58,2.033901724137931,1.5986,96.66666666666669
771,1.29,1.3618392857142858,28,100,8,8,8,10,9,52,3.260880769230769,2.5652,86.66666666666667
772,0.9415,0.9271428571428572,28,100,8,8,8,11,9,57,1.1733157894736843,1.064,95
773,1.2087,1.1890678571428572,28,100,5,7,6,11,9,54,1.5289,1.409,90
775,1.27435,1.3013285714285714,28,100,7,8,7.5,8.333333333333334,8,57,2.235738596491228,1.7933,95
776,1.2501,1.4717357142857144,27,96.42857142857144,9,9,9,10.333333333333334,9,59,2.326528813559322,1.8173,98.33333333333331
777,1.4751,1.6150714285714287,27,96.42857142857144,9,7,8,10.333333333333334,9,55,2.71326,2.3347,91.66666666666666
778,1.5172,1.6005379310344827,28,100,7,3,5,10.333333333333334,9,55,2.1574763636363636,1.7002,91.66666666666666
779,1.166,1.1792285714285715,28,100,7,8,7.5,7,7,54,2.263416666666666,1.966,90
782,1.01615,1.0655428571428571,28,100,8,7,7.5,9.333333333333334,9,60,1.28421,1.1576499999999998,100
783,3.1161,3.1607,1,3.571428571428571,8,9,8.5,7.333333333333333,7,53,3.2298566037735847,2.616,88.33333333333333
784,0.9085,0.89275,28,100,8,9,8.5,10.666666666666666,9,60,1.51635,1.4085,100
786,1.217,1.2794285714285714,28,100,8,9,8.5,10.333333333333334,9,54,2.066425925925926,1.7585,90
789,1.3165,1.4669785714285717,28,100,9,9,9,14,9,58,1.6570862068965515,1.6166,96.66666666666669
790,0.94835,0.9958821428571428,28,100,9,9,9,10.666666666666666,9,57,2.103852631578947,1.6545,95
792,1.30825,1.3453964285714286,28,100,6,7,6.5,10.333333333333334,9,60,2.0646666666666667,1.8255,100
793,1.22465,1.3263035714285714,28,100,8,9,8.5,11,9,57,1.7368263157894737,1.7158,95
794,1.18745,1.2784607142857145,28,100,9,9,9,9.666666666666666,9,59,1.719149152542373,1.5291,98.33333333333331
795,1.1156,1.1828892857142856,28,100,7,9,8,11.333333333333334,9,60,2.048818333333333,1.5729,100
796,1.308,1.4649285714285714,27,96.42857142857144,8,9,8.5,8.666666666666666,9,59,1.706186440677966,1.435,98.33333333333331
797,1.4321000000000002,1.491132142857143,28,100,8,8,8,9.333333333333334,9,60,1.9379633333333333,1.66705,100
800,1.275,1.306892857142857,28,100,9,7,8,9.333333333333334,9,58,2.000465517241379,1.7335,96.66666666666669
801,1.0835,1.1944035714285717,28,100,7,8,7.5,5.333333333333333,5,56,1.7232214285714285,1.60095,93.33333333333331
802,1.3624999999999998,1.3792357142857143,28,100,7,8,7.5,5.666666666666667,6,53,3.1440037735849056,2.548,88.33333333333333
803,1.3228,1.3766678571428572,27,96.42857142857144,9,9,9,8.666666666666666,9,51,2.350605882352941,2.0638,85
804,1.10815,1.1145964285714285,28,100,7,9,8,9.666666666666666,9,58,1.5047637931034483,1.37345,96.66666666666669
805,1.5896499999999998,1.6745,28,100,5,7,6,9.333333333333334,9,54,2.7285074074074074,2.1483999999999996,90
806,1.15775,1.2643035714285715,28,100,8,6,7,11.333333333333334,9,60,1.74913,1.5004499999999998,100
808,1.06615,1.104342857142857,27,96.42857142857144,6,8,7,11.333333333333334,9,59,1.7101389830508475,1.5332,98.33333333333331
810,1.8843,1.9932962962962963,26,92.85714285714286,5,5,5,8.333333333333334,8,51,3.4619549019607843,3.0841,85
811,1.4831500000000002,1.4934964285714285,28,100,6,6,6,8.333333333333334,8,58,2.5618241379310347,2.2245,96.66666666666669
812,1.09985,1.114882142857143,28,100,8,6,7,8.333333333333334,8,59,1.901127118644068,1.683,98.33333333333331
813,1.531,1.5295071428571427,28,100,9,7,8,10.333333333333334,9,60,1.7561633333333333,1.61515,100
814,1.78255,1.9419,28,100,6,6,6,7,7,39,3.456907692307692,2.9985,65
815,1.30635,1.2745392857142857,28,100,8,5,6.5,10.333333333333334,9,60,1.647615,1.56555,100
816,1.08265,1.176125,28,100,9,9,9,11.333333333333334,9,58,1.7700603448275862,1.6417,96.66666666666669
817,1.35895,1.3861214285714285,28,100,5,6,5.5,7.333333333333333,7,52,2.9295750000000003,2.3167,86.66666666666667
818,1.15795,1.2560392857142857,28,100,7,7,7,8.666666666666666,9,57,2.2415491228070175,1.6998,95
819,1.16275,1.240967857142857,28,100,8,8,8,10.333333333333334,9,60,2.1111483333333334,1.86095,100
820,1.24425,1.3204535714285714,26,92.85714285714286,9,8,8.5,9.333333333333334,9,58,1.5962137931034484,1.53235,96.66666666666669
823,1.28415,1.2769785714285715,28,100,7,9,8,10.333333333333334,9,58,1.8160172413793103,1.63425,96.66666666666669
824,1.3028499999999998,1.3642464285714286,28,100,6,7,6.5,9,9,45,2.6475933333333335,1.9622,75
825,1.4843,1.5142642857142856,28,100,6,6,6,8,8,57,2.269985964912281,2.0352,95
827,1.3994,1.416467857142857,28,100,9,9,9,11.333333333333334,9,57,2.6016929824561403,2.3331,95
828,1.3164,1.3929321428571428,27,96.42857142857144,6,9,7.5,9.666666666666666,9,58,1.8678327586206895,1.6491,96.66666666666669
829,1.3175,1.3715,27,96.42857142857144,8,7,7.5,11.333333333333334,9,52,2.542173076923077,1.859,86.66666666666667
830,1.1835,1.2126142857142856,28,100,9,7,8,9.333333333333334,9,55,2.2386236363636365,1.4641,91.66666666666666
831,1.2287,1.353632142857143,28,100,9,9,9,10.666666666666666,9,59,1.7163016949152543,1.4985,98.33333333333331
832,1.12475,1.170525,28,100,9,9,9,9.666666666666666,9,58,2.220631034482759,1.60835,96.66666666666669
833,1.41455,1.4356607142857143,28,100,6,8,7,7.666666666666667,8,54,2.3076462962962965,2.0394,90
839,1.1591,1.1935107142857142,27,96.42857142857144,7,7,7,8.333333333333334,8,60,1.9634333333333336,1.50915,100
840,1.6729,1.7883071428571429,27,96.42857142857144,6,7,6.5,10.333333333333334,9,45,3.110028888888889,2.7633,75
841,1.27995,1.3087321428571428,28,100,6,6,6,11.666666666666666,9,58,2.5383172413793105,1.8932,96.66666666666669
843,1.87455,1.8784642857142857,28,100,7,9,8,10,9,60,3.117541666666667,2.44085,100
844,1.2914,1.4058964285714286,28,100,7,8,7.5,11.333333333333334,9,59,1.7043440677966102,1.5175,98.33333333333331
846,1.41685,1.4604535714285714,28,100,7,5,6,10.666666666666666,9,50,4.284764,4.04265,83.33333333333334
848,1.2066,1.2184607142857142,28,100,7,8,7.5,9.333333333333334,9,53,1.8111943396226415,1.5812,88.33333333333333
849,1.4410500000000002,1.466532142857143,28,100,6,8,7,10.333333333333334,9,52,4.099840384615384,2.95075,86.66666666666667
850,1.30885,1.504432142857143,26,92.85714285714286,9,9,9,9.333333333333334,9,58,1.9195275862068968,1.59125,96.66666666666669
852,1.18375,1.2085428571428571,28,100,5,7,6,9.666666666666666,9,43,3.810890697674419,3.1688,71.66666666666667
854,1.17455,1.2194035714285714,28,100,7,7,7,12.333333333333334,9,60,1.6164833333333333,1.4422,100
855,1.29455,1.3128678571428571,28,100,7,7,7,8,8,45,3.720864444444445,3.3307,75
856,1.50835,1.5794785714285715,28,100,8,9,8.5,7.333333333333333,7,57,2.6337,2.2155,95
857,1.4309,1.4976785714285714,28,100,6,6,6,6.333333333333333,6,55,3.17492,2.7975,91.66666666666666
859,1.324,1.3491035714285715,27,96.42857142857144,9,9,9,11.333333333333334,9,59,3.3047593220338984,2.363,98.33333333333331
860,1.14985,1.2631035714285714,28,100,6,7,6.5,11.666666666666666,9,58,1.7843,1.58205,96.66666666666669
863,1.2408,1.2966678571428571,28,100,8,8,8,10,9,55,2.448610909090909,1.9988,91.66666666666666
865,1.68435,1.787807142857143,28,100,6,6,6,10.333333333333334,9,41,3.5949634146341465,3.2663,68.33333333333333
866,1.3912,1.5410107142857143,28,100,9,8,8.5,8.333333333333334,8,57,2.5503315789473686,1.9672,95
867,1.1876,1.209007142857143,28,100,7,7,7,10.666666666666666,9,60,2.1777166666666665,1.68035,100
868,1.19095,1.2076357142857144,27,96.42857142857144,6,7,6.5,10.333333333333334,9,60,1.8929516666666664,1.45435,100
869,1.2858,1.3914464285714283,28,100,7,8,7.5,9.333333333333334,9,57,2.892098245614035,2.3501,95
871,1.50995,1.5782142857142858,28,100,6,5,5.5,8.333333333333334,8,42,3.2171880952380953,2.7108999999999996,70
872,1.42605,1.4709178571428572,28,100,8,8,8,8.333333333333334,8,59,1.9752186440677968,1.7166,98.33333333333331
875,1.2993,1.351775,28,100,9,9,9,11.333333333333334,9,55,2.663196363636364,2.0327,91.66666666666666
876,1.1657,1.2300464285714283,28,100,7,7,7,7,7,55,2.4037509090909093,1.699,91.66666666666666
877,1.46965,1.4759571428571427,28,100,7,6,6.5,8.333333333333334,8,50,3.430288,3.1395999999999997,83.33333333333334
880,1.3085,1.4026785714285714,27,96.42857142857144,8,6,7,6.666666666666667,7,59,1.6265254237288136,1.44,98.33333333333331
881,1.6229,1.6490285714285715,28,100,6,6,6,7.666666666666667,8,46,3.3772739130434783,2.322,76.66666666666667
882,1.2626499999999998,1.298871428571429,27,96.42857142857144,9,9,9,11.666666666666666,9,57,2.1509859649122807,1.8669,95
885,1.2637,1.3117178571428572,28,100,7,9,8,9.666666666666666,9,53,2.3989150943396225,1.6015,88.33333333333333
887,1.1987,1.2562392857142857,28,100,6,8,7,8.333333333333334,8,56,4.474675,4.3165,93.33333333333331
888,1.46555,1.6521571428571429,28,100,6,7,6.5,9.666666666666666,9,58,2.032284482758621,1.833,96.66666666666669
889,1.2170999999999998,1.2543035714285715,28,100,9,8,8.5,7.666666666666667,8,60,1.7602883333333332,1.54225,100
892,1.922,1.973442857142857,28,100,8,9,8.5,9.333333333333334,9,59,1.710177966101695,1.6306,98.33333333333331
895,1.37535,1.4163178571428572,28,100,6,7,6.5,10.666666666666666,9,56,3.275385714285714,2.15145,93.33333333333331
896,1.6469,1.6635964285714286,28,100,7,7,7,9.333333333333334,9,60,1.9715633333333331,1.909,100
897,1.49785,1.4959285714285715,28,100,9,8,8.5,10.333333333333334,9,59,1.6278322033898305,1.5315,98.33333333333331
901,1.2356375,1.32151125,28,100,6,7,6.5,10.333333333333334,9,58,2.6341879310344827,2.2430225000000004,96.66666666666669
902,0.9912,1.0792642857142858,28,100,6,5,5.5,10,9,54,3.064296296296296,2.39915,90
908,1.672725,1.93922875,16,57.14285714285714,7,8,7.5,8.666666666666666,9,58,1.888096293103448,1.781525,96.66666666666669
914,1.1185525,1.1238557142857144,28,100,8,7,7.5,11.666666666666666,9,54,2.6206346296296297,2.070255,90
916,1.575285,1.6845708928571428,28,100,6,5,5.5,9,9,46,4.277425869565217,3.548255,76.66666666666667
917,1.61717,1.6288075862068965,28,100,7,6,6.5,7.666666666666667,8,60,2.36680275,2.1409125,100
918,1.2499025,1.4082151785714283,28,100,9,9,9,9.666666666666666,9,48,3.9761896875,3.3330975,80
919,1.358735,1.3332646428571429,28,100,5,7,6,11.333333333333334,9,51,2.8680795098039216,2.032745,85
920,1.4404525,1.49853875,28,100,6,5,5.5,6.333333333333333,6,60,2.4487165,2.0546075000000004,100
922,1.2982725,1.4011394642857142,28,100,9,9,9,9.333333333333334,9,57,1.6143601754385966,1.49756,95
925,1.490185,1.5445523214285717,28,100,7,6,6.5,7.333333333333333,7,54,2.526767037037037,2.114885,90
927,1.4912425,1.6205051785714286,27,96.42857142857144,9,7,8,11.333333333333334,9,55,2.9955107272727273,2.416245,91.66666666666666
928,1.1738075,1.18554,28,100,6,6,6,11.333333333333334,9,60,1.5446094166666666,1.441075,100
929,1.1521625,1.2112998214285715,27,96.42857142857144,8,7,7.5,8.666666666666666,9,56,2.0404438392857145,1.704875,93.33333333333331
930,1.44935,1.5658964285714283,28,100,9,9,9,8.666666666666666,9,59,3.019040677966102,2.3814,98.33333333333331
931,1.3639,1.3852035714285715,28,100,6,8,7,10.333333333333334,9,60,2.867095,2.5208000000000004,100
932,1.38322,1.4086335714285714,28,100,6,8,7,9.333333333333334,9,59,2.096981186440678,1.86641,98.33333333333331
936,1.2572175,1.3041103571428572,28,100,6,7,6.5,8.333333333333334,8,53,1.8081427358490567,1.64927,88.33333333333333
938,1.52628,1.6081446428571429,28,100,8,8,8,9.666666666666666,9,60,2.17316025,1.9087875,100
940,1.5415975,1.6481257142857142,28,100,5,5,5,7.333333333333333,7,56,3.314904375,2.8830225,93.33333333333331
941,1.25692,1.3924703571428572,27,96.42857142857144,6,7,6.5,9.333333333333334,9,59,1.842853813559322,1.631415,98.33333333333331
942,0.94111,0.9819651785714286,28,100,8,8,8,11.666666666666666,9,58,1.3685438793103448,1.2911725,96.66666666666669
943,1.2912575,1.3646275,27,96.42857142857144,7,6,6.5,10.333333333333334,9,59,1.6101033898305084,1.50084,98.33333333333331
945,1.23256,1.2484725,28,100,7,8,7.5,8.666666666666666,9,53,2.4982988679245284,1.867645,88.33333333333333
947,2.13115,2.2447607142857144,6,21.428571428571427,9,9,9,9.333333333333334,9,54,3.813005555555556,3.24695,90
948,1.5416725,1.5676848214285717,27,96.42857142857144,8,8,8,9.333333333333334,9,55,2.706789636363637,2.133725,91.66666666666666
949,1.1584700000000001,1.204807142857143,28,100,9,9,9,12,9,54,2.585058425925926,1.89705,90
950,1.236395,1.2879994642857142,28,100,8,8,8,11.666666666666666,9,58,2.2505185344827585,1.7470125,96.66666666666669
951,1.4482,1.5268117857142858,28,100,6,8,7,6.666666666666667,7,50,2.8651305,2.404795,83.33333333333334
952,1.25683,1.337405357142857,28,100,9,8,8.5,10.333333333333334,9,59,1.8855581355932205,1.61493,98.33333333333331
953,1.3411875,1.3395228571428572,28,100,7,7,7,10,9,57,1.5953670175438597,1.483165,95
954,1.39095,1.3761142857142856,28,100,9,8,8.5,9,9,52,2.9463865384615384,2.04065,86.66666666666667
956,1.360325,1.3918714285714286,28,100,6,7,6.5,9.333333333333334,9,53,2.327824716981132,2.086425,88.33333333333333
957,1.349835,1.3501646428571428,28,100,9,8,8.5,11.333333333333334,9,60,1.8300499166666664,1.6164825,100
959,1.3162175,1.334027678571429,28,100,7,6,6.5,11.666666666666666,9,58,2.5241480172413793,1.9994525,96.66666666666669
960,1.4748074999999998,1.4701028571428572,28,100,9,9,9,10.333333333333334,9,59,2.25062,1.949985,98.33333333333331
961,1.1584825,1.17787125,28,100,8,8,8,10.333333333333334,9,59,1.427475,1.3173,98.33333333333331
963,1.5488625,1.63649125,28,100,6,7,6.5,9.333333333333334,9,59,2.5590040677966104,2.20185,98.33333333333331
964,1.16865,1.245682142857143,27,96.42857142857144,6,7,6.5,9.333333333333334,9,60,1.65299,1.41635,100
965,1.3736925000000002,1.407839642857143,28,100,6,8,7,10,9,58,1.7370525,1.6903775,96.66666666666669
968,1.3097474999999998,1.4104675,28,100,8,9,8.5,10.333333333333334,9,59,2.50227406779661,2.087445,98.33333333333331
969,1.46515,1.504189107142857,28,100,7,7,7,11.666666666666666,9,55,2.2832487272727273,2.08648,91.66666666666666
974,1.49763,1.4875656,25,89.28571428571429,9,9,9,8.666666666666666,9,59,1.7702266949152543,1.697575,98.33333333333331
976,1.315965,1.3762088,25,89.28571428571429,6,6,6,11.333333333333334,9,59,1.9660416949152544,1.83295,98.33333333333331
977,1.30813,1.3736401785714285,27,96.42857142857144,6,6,6,9.666666666666666,9,57,2.506511403508772,2.04989,95
980,1.066565,1.0846366,25,89.28571428571429,7,6,6.5,8.333333333333334,8,57,1.282462543859649,1.21673,95
982,1.18387,1.2799784,25,89.28571428571429,9,9,9,7.666666666666667,8,58,1.6207976724137931,1.558445,96.66666666666669
983,1.46423,1.518900178571429,28,100,6,8,7,9.333333333333334,9,53,3.150265849056604,2.524655,88.33333333333333
984,1.16431,1.23833,25,89.28571428571429,9,9,9,10.666666666666666,9,59,1.6191011016949153,1.44735,98.33333333333331
986,1.140425,1.1338705357142858,28,100,9,9,9,10.333333333333334,9,56,2.6273702678571427,2.3000075,93.33333333333331
988,1.63257,1.7394598,25,89.28571428571429,7,7,7,9.333333333333334,9,50,3.0429514,2.5574399999999997,83.33333333333334
989,1.250415,1.2516636,23,82.14285714285714,6,6,6,9.333333333333334,9,53,1.897386603773585,1.44966,88.33333333333333
990,1.44875,1.4927082,25,89.28571428571429,5,7,6,9.666666666666666,9,52,2.2072260576923077,1.9485325,86.66666666666667
991,1.464825,1.6027354,25,89.28571428571429,9,9,9,9.333333333333334,9,52,2.08648625,1.715985,86.66666666666667
992,1.265955,1.2620646,23,82.14285714285714,9,9,9,11.666666666666666,9,60,1.9082716666666664,1.6326275,100
9935,1.599185,1.7471508,25,89.28571428571429,9,6,7.5,8,8,48,2.556527291666667,2.42447,80
994,1.2507,1.3123242,25,89.28571428571429,7,7,7,9.333333333333334,9,57,2.3126949122807017,1.905375,95
995,1.816775,1.8097116,25,89.28571428571429,8,6,7,9.333333333333334,9,56,2.687900267857143,2.0414675,93.33333333333331
996,1.207685,1.293673392857143,28,100,7,7,7,9.666666666666666,9,59,1.3812588983050846,1.233545,98.33333333333331
997,1.013705,1.0912266,25,89.28571428571429,9,9,9,11.666666666666666,9,56,1.3083374107142858,1.2151375,93.33333333333331
998,1.21638,1.238753,25,89.28571428571429,8,7,7.5,9.333333333333334,9,51,2.402322156862745,1.91682,85
999,1.5285675,1.5359889285714283,28,100,6,6,6,7,7,56,4.125355535714286,4.0805875,93.33333333333331
